sample_id,method,class_name,true_label,pred_label,true_freq,fft_dominant_freq,diagnostic_fft_freq,attribution_dominant_freq,frequency_bias_hz,frequency_alignment_score,attribution_score,consistency_score,temporal_smearing,stability_score,temporal_coherence,ablation_score,counterfactual_consistency,causal_score,physics_violation_score,counterfactual_label
0,integrated_gradients,normal,0,0,5.0,5.0,5.0,5.0,0.0,1.0,1.0,,0.0,0.9009084491322839,0.8706304819570534,1.053003927231705e-07,1.0,0.5000000526501963,0.0,0
20,integrated_gradients,normal,0,0,5.0,5.4,5.4,5.4,0.40000000000000036,1.0,0.9607894391523232,,0.0,0.9438750450102875,0.9266036759141433,0.0,1.0,0.5,0.013070186949225607,0
29,integrated_gradients,normal,0,0,5.0,5.4,5.4,5.4,0.40000000000000036,1.0,0.9607894391523232,,0.0,0.9453531018000485,0.9161180927962509,0.0,1.0,0.5,0.013070186949225607,0
33,integrated_gradients,normal,0,2,5.0,5.6,5.6000000000000005,5.6000000000000005,0.6000000000000005,1.0,0.9417645335842486,,0.0,0.8955493526986269,0.8150526115396174,3.167032547330725e-07,1.0,0.5000001583516274,0.019411822138583796,2
35,integrated_gradients,normal,0,0,5.0,5.2,5.2,5.2,0.20000000000000018,1.0,0.9801986733067553,,0.0,0.9362152475614963,0.8968352128608028,1.4249603500932079e-09,1.0,0.5000000007124802,0.0066004422310815825,0
36,integrated_gradients,normal,0,1,5.0,5.6,5.6000000000000005,5.6000000000000005,0.6000000000000005,1.0,0.9417645335842486,,0.0,0.94784329954223,0.8360726547518256,0.0,1.0,0.5,0.019411822138583796,1
40,integrated_gradients,normal,0,0,5.0,5.6,5.6000000000000005,5.6000000000000005,0.6000000000000005,1.0,0.9417645335842486,,0.0,0.8937968591419286,0.8638872393368221,2.2734344780811777e-07,1.0,0.5000001136717239,0.019411822138583796,0
45,integrated_gradients,normal,0,0,5.0,5.4,5.4,5.4,0.40000000000000036,1.0,0.9607894391523232,,0.0,0.9461330900164248,0.913316778073441,0.0,1.0,0.5,0.013070186949225607,0
46,integrated_gradients,normal,0,0,5.0,5.2,5.2,5.2,0.20000000000000018,1.0,0.9801986733067553,,0.0,0.9322919524709048,0.9158275120437257,3.2435616843243656e-08,1.0,0.5000000162178084,0.0066004422310815825,0
51,integrated_gradients,normal,0,0,5.0,5.0,5.0,5.0,0.0,1.0,1.0,,0.0,0.9614379538094722,0.9121685231199594,0.0,1.0,0.5,0.0,0
53,integrated_gradients,normal,0,1,5.0,5.6,5.6000000000000005,5.6000000000000005,0.6000000000000005,1.0,0.9417645335842486,,0.0,0.9288077011278443,0.8701443702710365,0.0,1.0,0.5,0.019411822138583796,1
55,integrated_gradients,normal,0,1,5.0,5.4,5.4,5.4,0.40000000000000036,1.0,0.9607894391523232,,0.0,0.9197495150882569,0.861263569600624,0.0,1.0,0.5,0.013070186949225607,1
61,integrated_gradients,normal,0,0,5.0,5.2,5.2,5.2,0.20000000000000018,1.0,0.9801986733067553,,0.0,0.9409833718322078,0.9105989974644918,2.6466097148841425e-09,1.0,0.5000000013233049,0.0066004422310815825,0
72,integrated_gradients,normal,0,0,5.0,5.0,5.0,5.0,0.0,1.0,1.0,,0.0,0.9327601923431241,0.914705425575794,0.0,1.0,0.5,0.0,0
77,integrated_gradients,normal,0,1,5.0,5.6,5.6000000000000005,5.6000000000000005,0.6000000000000005,1.0,0.9417645335842486,,0.0,0.8593848319020442,0.8419283008036188,0.0,1.0,0.5,0.019411822138583796,1
80,integrated_gradients,normal,0,0,5.0,5.0,5.0,5.0,0.0,1.0,1.0,,0.0,0.9536849143353844,0.927133921351744,0.0,1.0,0.5,0.0,0
83,integrated_gradients,normal,0,2,5.0,5.0,5.0,5.0,0.0,1.0,1.0,,0.0,0.8801015755253417,0.7941330376534615,0.0,1.0,0.5,0.0,2
91,integrated_gradients,normal,0,0,5.0,5.2,5.2,5.2,0.20000000000000018,1.0,0.9801986733067553,,0.0,0.9291465111788189,0.9107781622413036,0.0,1.0,0.5,0.0066004422310815825,0
96,integrated_gradients,normal,0,0,5.0,5.4,5.4,5.4,0.40000000000000036,1.0,0.9607894391523232,,0.0,0.9460964592629135,0.9132497801323267,0.0,1.0,0.5,0.013070186949225607,0
98,integrated_gradients,normal,0,0,5.0,5.0,5.0,5.0,0.0,1.0,1.0,,0.0,0.9352913848179198,0.9060058204182355,0.0,1.0,0.5,0.0,0
100,integrated_gradients,normal,0,0,5.0,5.4,5.4,5.4,0.40000000000000036,1.0,0.9607894391523232,,0.0,0.9199303005251059,0.8764224393255827,0.0,1.0,0.5,0.013070186949225607,0
108,integrated_gradients,normal,0,0,5.0,5.4,5.4,5.4,0.40000000000000036,1.0,0.9607894391523232,,0.0,0.9420652723788548,0.8838829580691749,8.115030844739919e-08,1.0,0.5000000405751542,0.013070186949225607,0
115,integrated_gradients,normal,0,0,5.0,4.8,4.800000000000001,4.800000000000001,0.1999999999999993,1.0,0.9801986733067554,,0.0,0.9140767643343616,0.908094539022492,0.0,1.0,0.5,0.006600442231081545,0
120,integrated_gradients,normal,0,0,5.0,5.4,5.4,5.4,0.40000000000000036,1.0,0.9607894391523232,,0.0,0.9176220765609588,0.8877772363719811,5.2060027466536264e-09,1.0,0.5000000026030014,0.013070186949225607,0
124,integrated_gradients,normal,0,0,5.0,5.2,5.2,5.2,0.20000000000000018,1.0,0.9801986733067553,,0.0,0.9478361151421839,0.9113862816523424,0.0,1.0,0.5,0.0066004422310815825,0
131,integrated_gradients,normal,0,0,5.0,5.4,5.4,5.4,0.40000000000000036,1.0,0.9607894391523232,,0.0,0.9229527941850754,0.9003797576699779,0.0,1.0,0.5,0.013070186949225607,0
132,integrated_gradients,normal,0,0,5.0,5.2,5.2,5.2,0.20000000000000018,1.0,0.9801986733067553,,0.0,0.8966544842165449,0.8826205003514589,0.0,1.0,0.5,0.0066004422310815825,0
135,integrated_gradients,normal,0,0,5.0,5.2,5.2,5.2,0.20000000000000018,1.0,0.9801986733067553,,0.0,0.9354576728446624,0.9085313237397661,0.0,1.0,0.5,0.0066004422310815825,0
138,integrated_gradients,normal,0,1,5.0,5.2,5.2,5.2,0.20000000000000018,1.0,0.9801986733067553,,0.0,0.8694977622532358,0.8467676198651752,0.0,1.0,0.5,0.0066004422310815825,1
140,integrated_gradients,normal,0,0,5.0,5.4,5.4,5.4,0.40000000000000036,1.0,0.9607894391523232,,0.0,0.9413751803674675,0.9137700777861758,0.0,1.0,0.5,0.013070186949225607,0
145,integrated_gradients,normal,0,0,5.0,5.2,5.2,5.2,0.20000000000000018,1.0,0.9801986733067553,,0.0,0.9519677053451627,0.9122530629396594,0.0,1.0,0.5,0.0066004422310815825,0
150,integrated_gradients,normal,0,0,5.0,5.6,5.6000000000000005,5.6000000000000005,0.6000000000000005,1.0,0.9417645335842486,,0.0,0.9202396300954695,0.892097963050177,4.950511569902783e-08,1.0,0.5000000247525579,0.019411822138583796,0
151,integrated_gradients,normal,0,0,5.0,5.6,5.6000000000000005,5.6000000000000005,0.6000000000000005,1.0,0.9417645335842486,,0.0,0.9476865993167115,0.8753823158800316,2.653118555328211e-07,1.0,0.5000001326559278,0.019411822138583796,0
152,integrated_gradients,normal,0,0,5.0,5.6,5.6000000000000005,5.6000000000000005,0.6000000000000005,1.0,0.9417645335842486,,0.0,0.8935882368904463,0.8751329023552685,2.2742471365704952e-07,1.0,0.5000001137123569,0.019411822138583796,0
156,integrated_gradients,normal,0,1,5.0,5.4,5.4,5.4,0.40000000000000036,1.0,0.9607894391523232,,0.0,0.8772175931563408,0.8504523455077088,0.0,1.0,0.5,0.013070186949225607,1
159,integrated_gradients,normal,0,0,5.0,5.0,5.0,5.0,0.0,1.0,1.0,,0.0,0.9123491592473969,0.9102879835776997,0.0,1.0,0.5,0.0,0
163,integrated_gradients,normal,0,0,5.0,5.2,5.2,5.2,0.20000000000000018,1.0,0.9801986733067553,,0.0,0.9395859709390662,0.9087226393466141,0.0,1.0,0.5,0.0066004422310815825,0
164,integrated_gradients,normal,0,0,5.0,5.4,5.4,5.4,0.40000000000000036,1.0,0.9607894391523232,,0.0,0.8910386322745187,0.8811113142426832,0.0,1.0,0.5,0.013070186949225607,0
166,integrated_gradients,normal,0,0,5.0,5.0,5.0,5.0,0.0,1.0,1.0,,0.0,0.9506916904530957,0.9261505372766491,0.0,1.0,0.5,0.0,0
168,integrated_gradients,normal,0,0,5.0,5.2,5.2,5.2,0.20000000000000018,1.0,0.9801986733067553,,0.0,0.9128737231991617,0.9088436415775882,0.0,1.0,0.5,0.0066004422310815825,0
172,integrated_gradients,normal,0,1,5.0,4.6,4.6000000000000005,4.6000000000000005,0.39999999999999947,1.0,0.9607894391523233,,0.0,0.9309144623794089,0.8736523165213658,0.0,1.0,0.5,0.01307018694922557,1
176,integrated_gradients,normal,0,0,5.0,5.4,5.4,5.4,0.40000000000000036,1.0,0.9607894391523232,,0.0,0.944335901659895,0.903760198344373,0.0,1.0,0.5,0.013070186949225607,0
178,integrated_gradients,normal,0,0,5.0,5.4,5.4,5.4,0.40000000000000036,1.0,0.9607894391523232,,0.0,0.9537546978813083,0.9177696416698621,3.1755841108133127e-09,1.0,0.500000001587792,0.013070186949225607,0
179,integrated_gradients,normal,0,0,5.0,5.0,5.0,5.0,0.0,1.0,1.0,,0.0,0.9534558656984615,0.9279169535837357,4.540069242717366e-09,1.0,0.5000000022700346,0.0,0
184,integrated_gradients,fault_light,1,1,20.0,5.2,19.400000000000002,19.0,1.0,0.960789439152323,0.9048374180359595,0.5118500677776034,0.4881499322223966,0.9373035245435521,0.8772515035666933,0.027825112059476183,0.6115019786180306,0.31966354533875335,0.35715414880294455,0
185,integrated_gradients,fault_light,1,1,20.0,5.2,11.0,19.400000000000002,0.5999999999999979,0.4317105234290796,0.9417645335842489,0.7129087115724917,0.28709128842750853,0.9411658421954796,0.8669793651645862,0.030549783428291975,0.7346125763244454,0.3825811798763687,0.2108060144235893,0
192,integrated_gradients,fault_light,1,1,20.0,4.8,20.6,3.8000000000000003,16.2,0.18637397603940994,0.1978986990836147,0.6332309513076312,0.36676904869236865,0.9556138321723742,0.8676069093712997,0.5036195740223668,0.7445090749213632,0.624064324471865,0.5118797994337075,0
194,integrated_gradients,fault_light,1,1,20.0,4.6,21.0,20.0,0.0,0.9048374180359595,1.0,0.7198780593592851,0.2801219406407151,0.9677111964190325,0.8575495778899948,0.08469062270536809,0.7178894908736554,0.40129005678951174,0.18674796042714337,0
200,integrated_gradients,fault_light,1,1,20.0,5.4,14.8,20.8,0.8000000000000007,0.5488116360940264,0.9231163463866358,0.7484539117595627,0.25154608824043734,0.9585701939976805,0.8793405659818906,0.026547354053697292,0.6543588354067881,0.34045309473024266,0.19332527669807964,0
203,integrated_gradients,fault_light,1,1,20.0,5.0,22.0,22.0,2.0,1.0,0.8187307530779818,0.6923379876798318,0.3076620123201682,0.9545744292228383,0.8742977650087238,0.007448351965237755,0.12897901645377746,0.0682136842095076,0.2655310905207849,1
213,integrated_gradients,fault_light,1,1,20.0,5.6,21.8,21.8,1.8000000000000007,1.0,0.835270211411272,0.6659843145805342,0.3340156854194658,0.9443399330261412,0.8909293439007195,0.01375202699913563,0.2355000189419146,0.12462602297052512,0.2775870531425532,1
222,integrated_gradients,fault_light,1,1,20.0,5.6,18.2,18.2,1.8000000000000007,1.0,0.835270211411272,0.6757810800642083,0.3242189199357917,0.9630150796903522,0.876255037617791,0.014332091083899049,0.1173226955174405,0.06582739330066978,0.2710558761534371,1
225,integrated_gradients,fault_light,1,1,20.0,5.2,21.400000000000002,21.400000000000002,1.4000000000000021,1.0,0.8693582353988056,0.4031966535752833,0.5968033464247169,0.9591357184432987,0.8869129630225701,0.006087533469179158,0.02148451190900813,0.013786022689093645,0.44141615248354266,1
230,integrated_gradients,fault_light,1,1,20.0,5.0,31.400000000000002,6.2,13.8,0.0804596067495324,0.25157855305975646,0.49773297798569316,0.5022670220143068,0.9430397403413748,0.8688804608680096,0.031607416607063774,0.06472588781363582,0.0481666522103498,0.584318496989619,1
232,integrated_gradients,fault_light,1,1,20.0,5.2,19.200000000000003,19.200000000000003,0.7999999999999972,1.0,0.9231163463866361,0.8039225813277169,0.1960774186722833,0.9545477700906531,0.864919583976906,0.021999196499928212,0.6777947145460969,0.34989695552301253,0.15634616365264345,0
234,integrated_gradients,fault_light,1,1,20.0,5.4,21.0,21.0,1.0,1.0,0.9048374180359595,0.7001247290957386,0.29987527090426136,0.972107445089947,0.8731564127487838,0.24616104081231974,0.7855916708885063,0.515876355850413,0.23163770792418772,0
237,integrated_gradients,fault_light,1,1,20.0,5.6,55.400000000000006,55.400000000000006,35.400000000000006,1.0,0.02901332708219704,0.6604937759458238,0.3395062240541763,0.9507425351186267,0.8553137842864497,0.06790147049805315,0.20248114070476828,0.1351913056014107,0.5499997070087185,1
243,integrated_gradients,fault_light,1,1,20.0,5.4,7.800000000000001,19.6,0.3999999999999986,0.3072787386011312,0.9607894391523234,0.5722175446374664,0.42778245536253345,0.9531441958042055,0.8594211607841356,0.2488472809921274,0.7279531705007308,0.4884002257464291,0.29825849052424785,0
253,integrated_gradients,fault_light,1,1,20.0,5.2,22.0,22.200000000000003,2.200000000000003,0.980198673306755,0.8025187979624783,0.6864887973099261,0.31351120269007404,0.9493608614091207,0.8890346750708377,0.027110618734119504,0.6961016627404998,0.3616061407373096,0.2748345358058899,0
254,integrated_gradients,fault_light,1,1,20.0,5.6,19.8,6.4,13.6,0.261845668580326,0.25666077695355594,0.7908812963588532,0.20911870364114682,0.961699282248419,0.8655117873652154,0.08749028525111013,0.7503683534446616,0.41892931934788585,0.38719221010957927,0
259,integrated_gradients,fault_light,1,1,20.0,5.4,48.0,48.0,28.0,1.0,0.06081006262521797,0.46043174156466715,0.5395682584353325,0.9459917274229073,0.8586613541651748,0.5360368803419261,0.6896713638571742,0.6128541220995501,0.6727754847484825,0
261,integrated_gradients,fault_light,1,1,20.0,5.0,19.200000000000003,19.200000000000003,0.7999999999999972,1.0,0.9231163463866361,0.6405690489391502,0.3594309510608499,0.9637032245595055,0.8540732046016013,0.05291358142584731,0.20664822823271548,0.1297809048292814,0.2652485185783545,1
268,integrated_gradients,fault_light,1,1,20.0,5.2,19.200000000000003,18.6,1.3999999999999986,0.9417645335842486,0.869358235398806,0.5142009997279033,0.48579900027209677,0.9534709584408563,0.8542361149832238,0.011047348754604915,0.09856991075812936,0.05480862975636714,0.3674132550484625,1
271,integrated_gradients,fault_light,1,1,20.0,5.2,17.8,19.8,0.1999999999999993,0.8187307530779818,0.9801986733067554,0.5267765901119457,0.47322340988805445,0.9528111748461614,0.8666594515265643,0.010456193239104888,0.06452115285656206,0.03748867304783347,0.32208271548978445,1
273,integrated_gradients,fault_light,1,1,20.0,5.4,18.2,18.2,1.8000000000000007,1.0,0.835270211411272,0.6593048090118221,0.34069519098817796,0.9428270657657134,0.8805577234756845,0.23739947652444027,0.7550176648140591,0.49620857066924967,0.2820400568550279,0
281,integrated_gradients,fault_light,1,1,20.0,5.2,19.400000000000002,9.4,10.6,0.3678794411714422,0.3464558103300574,0.4973825583054903,0.5026174416945097,0.9361644473274586,0.8510965055861063,0.033984814009911095,0.0240947582681298,0.029039786139020446,0.5529263576863207,1
284,integrated_gradients,fault_light,1,1,20.0,5.4,21.8,22.0,2.0,0.9801986733067554,0.8187307530779818,0.46698542242421126,0.5330145775757889,0.9645894531690654,0.8664581375378017,0.024726482820252475,0.09328770075710437,0.05900709178867842,0.41576613402453194,1
295,integrated_gradients,fault_light,1,1,20.0,5.2,56.0,28.200000000000003,8.200000000000003,0.06203850737735832,0.44043165450599914,0.8267779197988339,0.17322208020116597,0.9533220836249883,0.8528839797664645,0.2513425280946273,0.6667555021493086,0.45904901512196794,0.30200416863211094,0
298,integrated_gradients,fault_light,1,1,20.0,5.4,48.2,6.4,13.6,0.015298507566725504,0.25666077695355594,0.8301069510102311,0.16989304898976879,0.9426356783254702,0.8311184964160436,0.23089631625454238,0.7382053802314751,0.48455084824300876,0.36104177367532725,0
302,integrated_gradients,fault_light,1,1,20.0,5.2,35.800000000000004,2.2,17.8,0.03473525894473855,0.1686381472685955,0.44672746478209885,0.5532725352179012,0.9507406113229627,0.8683983479113279,0.027629817819787506,0.0857111030339992,0.05667046042689335,0.645968974389069,1
304,integrated_gradients,fault_light,1,1,20.0,5.0,28.0,28.0,8.0,1.0,0.44932896411722156,0.7597727891672523,0.2402272108327476,0.9514435567561764,0.8590475174184304,0.34171813865104556,0.7752039771122033,0.5584610578816245,0.3437084858494246,0
306,integrated_gradients,fault_light,1,1,20.0,5.0,28.200000000000003,22.0,2.0,0.5379444375946744,0.8187307530779818,0.5649574935840413,0.43504250641595865,0.9656057959939309,0.8867752872056941,0.0021203790594379996,0.03804845552539217,0.020084417292415085,0.3504514199179785,1
324,integrated_gradients,fault_light,1,1,20.0,5.6,36.0,6.4,13.6,0.05181891717272583,0.25666077695355594,0.7613081909709183,0.23869180902908177,0.9445000177305267,0.871405500685923,0.3324675157745167,0.7471540089179444,0.5398107623462305,0.4069076137015359,0
327,integrated_gradients,fault_light,1,1,20.0,4.8,19.200000000000003,19.200000000000003,0.7999999999999972,1.0,0.9231163463866361,0.6934338461446088,0.3065661538553911,0.9516105956175102,0.878341565597813,0.0993876101407932,0.15150654186639562,0.1254470760035944,0.23000532044138208,1
330,integrated_gradients,fault_light,1,1,20.0,5.6,21.6,6.4,13.6,0.21871188695221475,0.25666077695355594,0.5580017766185343,0.44199822338146577,0.9563061992083968,0.8776405529004654,0.10422732363904272,0.6376243818662096,0.3709258527526262,0.5424452232697918,0
336,integrated_gradients,fault_light,1,0,20.0,5.4,11.200000000000001,11.200000000000001,8.799999999999999,1.0,0.41478291168158143,0.31070114894928824,0.6892988510507113,0.9306094104362067,0.8835780407443263,0.0,0.3333333333333333,0.16666666666666666,0.6546049301399472,0
341,integrated_gradients,fault_light,1,1,20.0,5.6,20.400000000000002,20.400000000000002,0.40000000000000213,1.0,0.960789439152323,0.687636135650424,0.3123638643495762,0.950136325864622,0.8722064392433247,0.008728188529167942,0.12473099949570532,0.06672959401243662,0.2213127631822764,1
345,integrated_gradients,fault_light,1,1,20.0,5.4,19.0,19.0,1.0,1.0,0.9048374180359595,0.7115123675911174,0.28848763240888264,0.9714333101816738,0.8731385752456854,0.0015499682799581778,0.08046594913851979,0.041007958709238984,0.2240459489272686,1
353,integrated_gradients,fault_light,1,1,20.0,5.2,36.800000000000004,20.0,0.0,0.1863739760394099,1.0,0.5546302070486764,0.44536979295132373,0.9721068620429113,0.8552754439321921,0.06162485719764189,0.6938455905373694,0.37773522386750563,0.29691319530088245,0
354,integrated_gradients,fault_light,1,1,20.0,5.0,1.0,6.2,13.8,0.5945205479701944,0.25157855305975646,0.7465056850118035,0.2534943149881966,0.9245793373709533,0.8602890456469897,0.5021787384820121,0.7089565595916456,0.6055676490368289,0.41847002563887886,0
355,integrated_gradients,fault_light,1,1,20.0,5.6,22.200000000000003,20.6,0.6000000000000014,0.8521437889662112,0.9417645335842486,0.576132517140168,0.4238674828598321,0.9654952032475022,0.8582902905560884,0.03527143593342652,0.15748409194595184,0.09637776393968918,0.3019901440451385,1
357,integrated_gradients,fault_light,1,1,20.0,5.4,20.8,20.8,0.8000000000000007,1.0,0.9231163463866358,0.5371256276982749,0.4628743723017251,0.9396295981022068,0.8538767213942225,0.08548575594978564,0.6109819344597033,0.34823384520474443,0.3342107994056048,0
363,integrated_gradients,fault_heavy,2,2,50.0,5.6,51.6,48.400000000000006,1.5999999999999943,0.7261490370736913,0.8521437889662118,0.4871988668844795,0.5128011331155204,0.9139627758402596,0.8465872261760953,0.2453949364825771,0.18796291360972048,0.21667892504614877,0.39115282575494303,2
365,integrated_gradients,fault_heavy,2,2,50.0,5.2,48.800000000000004,48.800000000000004,1.1999999999999957,1.0,0.8869204367171579,0.7704166804925692,0.22958331950743055,0.983666932717427,0.9235895813058209,0.09931987887990008,0.48269660667408215,0.2910082427769911,0.1907487340992345,1
367,integrated_gradients,fault_heavy,2,2,50.0,5.6,28.200000000000003,6.6000000000000005,43.4,0.11532512103806251,0.013036528203437736,0.5534325663674675,0.44656743363253254,0.972396062757841,0.9006291167859725,0.9622497785446219,0.7672376786917844,0.8647437286182031,0.6266994463538758,0
373,integrated_gradients,fault_heavy,2,2,50.0,5.6,8.6,46.800000000000004,3.1999999999999957,0.02192780089426161,0.7261490370736913,0.6968695350278182,0.3031304649721818,0.9773314990960886,0.9197767626068254,0.9240008106391361,0.8228390448430782,0.8734199277411072,0.2933706309568908,0
389,integrated_gradients,fault_heavy,2,2,50.0,5.4,50.800000000000004,6.4,43.6,0.011795938519751562,0.01277838764953576,0.4459152666358922,0.5540847333641078,0.9713364801298212,0.8997703562758904,0.9544431705650518,0.7531888430787556,0.8538160068219036,0.6984636930262266,0
393,integrated_gradients,fault_heavy,2,2,50.0,5.0,28.0,53.6,3.6000000000000014,0.07730474044329974,0.6976763260710309,0.28706966478811535,0.7129303352118848,0.9620710174394811,0.8998319574801372,0.9531184076960197,0.6980621305367509,0.8255902691163853,0.5760614481175795,0
397,integrated_gradients,fault_heavy,2,2,50.0,5.4,48.2,49.400000000000006,0.5999999999999943,0.8869204367171573,0.9417645335842493,0.7367295163481482,0.2632704836518519,0.9623218496142041,0.878063621644074,0.051537369879051935,0.2337743025030917,0.1426558361910718,0.19492547790648482,2
402,integrated_gradients,fault_heavy,2,2,50.0,4.8,42.0,52.800000000000004,2.8000000000000043,0.339595525644939,0.7557837414557251,0.45032467653080555,0.5496753234691943,0.9636255024841756,0.9135323988320075,0.9472493979979671,0.7415721510901596,0.8444107745440634,0.44785563516088783,0
404,integrated_gradients,fault_heavy,2,2,50.0,5.4,49.800000000000004,49.800000000000004,0.19999999999999574,1.0,0.9801986733067557,0.7719355543654272,0.228064445634573,0.9690823140648919,0.8714458840965026,0.15137467825172593,0.2520665901612463,0.20172063420648612,0.15864340598746338,2
406,integrated_gradients,fault_heavy,2,2,50.0,5.2,48.400000000000006,52.0,2.0,0.6976763260710315,0.8187307530779818,0.7072191573268263,0.2927808426731737,0.9641662975946432,0.9048762745717385,0.33603410856268295,0.771871587001129,0.553952847781906,0.2556103107561219,0
408,integrated_gradients,fault_heavy,2,2,50.0,4.6,47.800000000000004,52.800000000000004,2.8000000000000043,0.6065306597126334,0.7557837414557251,0.6221363446670424,0.3778636553329576,0.9600632771816873,0.8845783996390039,0.15041850330216167,0.2657119862662096,0.20806524478418564,0.3333145230700634,2
409,integrated_gradients,fault_heavy,2,2,50.0,4.6,18.6,51.6,1.6000000000000014,0.036883167401240015,0.8521437889662112,0.6344896057825244,0.36551039421747566,0.9568781724091503,0.905268239821436,0.3341860967435567,0.4318660785701686,0.38302608765686263,0.29295899982291335,1
417,integrated_gradients,fault_heavy,2,2,50.0,5.2,22.8,48.0,2.0,0.08045960674953244,0.8187307530779818,0.5396578497732213,0.4603421502267788,0.9671534847974832,0.8975978734064114,0.9373215943314462,0.42365611864063807,0.6804888564860422,0.3673178491251919,1
421,integrated_gradients,fault_heavy,2,2,50.0,5.2,55.400000000000006,6.2,43.8,0.007299130846788583,0.012525358621074385,0.5095401704591145,0.49045982954088563,0.9651065641817271,0.8883226494123171,0.8891678446089741,0.7530573289100843,0.8211125867595293,0.656131433486899,0
424,integrated_gradients,fault_heavy,2,2,50.0,5.0,22.0,48.400000000000006,1.5999999999999943,0.07136126955638603,0.8521437889662118,0.3290962976623071,0.6709037023376931,0.9588790846893448,0.912222349170146,0.949969299212217,0.396691110646281,0.673330204929249,0.49655453856972476,1
431,integrated_gradients,fault_heavy,2,2,50.0,5.6,51.400000000000006,7.0,43.0,0.011795938519751562,0.013568559012200934,0.6756627814328939,0.32433721856710607,0.9743674844089016,0.9166868092384406,0.6680813387254283,0.791432603670807,0.7297569711981177,0.5450352927073371,0
445,integrated_gradients,fault_heavy,2,2,50.0,5.2,53.0,51.800000000000004,1.8000000000000043,0.8869204367171579,0.8352702114112717,0.7010801621328175,0.2989198378671825,0.9720977169414295,0.9109266308652686,0.5963968778930242,0.4525612424040391,0.5244790601485316,0.25418982144103114,1
455,integrated_gradients,fault_heavy,2,2,50.0,5.2,48.6,47.2,2.799999999999997,0.869358235398806,0.7557837414557257,0.693010772034879,0.3069892279651212,0.9648099652440035,0.9048284599275244,0.6238881543714372,0.4729181852677375,0.5484031698195874,0.2860649048248388,1
456,integrated_gradients,fault_heavy,2,2,50.0,5.2,11.0,49.6,0.3999999999999986,0.021067999523041423,0.9607894391523234,0.4769622256863453,0.5230377743136548,0.9635588650780953,0.9013935634027056,0.9205358093654282,0.7673341004878272,0.8439349549266277,0.36176203649166205,0
494,integrated_gradients,fault_heavy,2,2,50.0,5.2,1.0,48.0,2.0,0.009095277101695816,0.8187307530779818,0.5750414300140174,0.42495856998598264,0.9576305284887999,0.9146168431197003,0.8793457612773485,0.78644475883754,0.8328952600574442,0.3437287956313278,0
515,integrated_gradients,fault_heavy,2,2,50.0,5.2,10.600000000000001,51.0,1.0,0.017597472415623393,0.9048374180359595,0.4565627116765737,0.5434372883234264,0.9616970954126165,0.8916442787072141,0.8827489505100675,0.7241518163143307,0.8034503834121991,0.39401238620363105,0
522,integrated_gradients,fault_heavy,2,2,50.0,5.2,48.800000000000004,50.400000000000006,0.4000000000000057,0.8521437889662112,0.9607894391523226,0.7188860508801596,0.28111394911984044,0.9712401881031448,0.8964935906956901,0.31600573141920735,0.29442289480905676,0.30521431311413205,0.20047948636245275,2
527,integrated_gradients,fault_heavy,2,2,50.0,5.2,49.6,51.400000000000006,1.4000000000000057,0.8352702114112717,0.8693582353988053,0.7430269692727092,0.25697303072729094,0.9721740451458009,0.9083886344433223,0.2254817103402471,0.778874239365566,0.5021779748529065,0.21486260868525883,0
530,integrated_gradients,fault_heavy,2,2,50.0,5.0,47.2,47.2,2.799999999999997,1.0,0.7557837414557257,0.7157374355647501,0.2842625644352502,0.97890352608448,0.8975161876186438,0.8607802640448442,0.8057208403419861,0.8332505521934152,0.2709137958049248,0
533,integrated_gradients,fault_heavy,2,2,50.0,5.2,50.2,7.0,43.0,0.013299883542443767,0.013568559012200934,0.565226614681597,0.43477338531840315,0.9506967937962284,0.8897538469455064,0.8322968941089782,0.41528602281580046,0.6237914584623894,0.6186594038748684,1
534,integrated_gradients,fault_heavy,2,2,50.0,4.6,11.4,50.800000000000004,0.8000000000000043,0.019448214745385384,0.9231163463866354,0.6519233242811503,0.3480766757188498,0.9764178846225587,0.9127734264948496,0.5616840082582144,0.7721677545960078,0.6669258814271111,0.257679001683688,0
0,saliency,normal,0,0,5.0,5.0,5.0,5.0,0.0,1.0,1.0,,0.0,0.9299507036750785,0.9595544922705613,1.053003927231705e-07,1.0,0.5000000526501963,0.0,0
20,saliency,normal,0,0,5.0,5.4,5.4,5.4,0.40000000000000036,1.0,0.9607894391523232,,0.0,0.9356688802679893,0.9599865248305044,0.0,1.0,0.5,0.013070186949225607,0
29,saliency,normal,0,0,5.0,5.4,5.4,5.4,0.40000000000000036,1.0,0.9607894391523232,,0.0,0.9290827332482189,0.9621700170672981,0.0,1.0,0.5,0.013070186949225607,0
33,saliency,normal,0,2,5.0,5.6,5.6000000000000005,5.6000000000000005,0.6000000000000005,1.0,0.9417645335842486,,0.0,0.9206665774872028,0.9622440515947338,3.167032547330725e-07,1.0,0.5000001583516274,0.019411822138583796,2
35,saliency,normal,0,0,5.0,5.2,5.2,5.2,0.20000000000000018,1.0,0.9801986733067553,,0.0,0.9402685196291458,0.9613580312265219,1.4249603500932079e-09,1.0,0.5000000007124802,0.0066004422310815825,0
36,saliency,normal,0,1,5.0,5.6,5.6000000000000005,5.6000000000000005,0.6000000000000005,1.0,0.9417645335842486,,0.0,0.9545569977819246,0.956276331593088,0.0,1.0,0.5,0.019411822138583796,1
40,saliency,normal,0,0,5.0,5.6,5.6000000000000005,5.6000000000000005,0.6000000000000005,1.0,0.9417645335842486,,0.0,0.9191176546060468,0.961632579723068,2.2734344780811777e-07,1.0,0.5000001136717239,0.019411822138583796,0
45,saliency,normal,0,0,5.0,5.4,5.4,5.4,0.40000000000000036,1.0,0.9607894391523232,,0.0,0.9344547342358671,0.9605817684647292,0.0,1.0,0.5,0.013070186949225607,0
46,saliency,normal,0,0,5.0,5.2,5.2,5.2,0.20000000000000018,1.0,0.9801986733067553,,0.0,0.922802082747378,0.9602856367858161,3.2435616843243656e-08,1.0,0.5000000162178084,0.0066004422310815825,0
51,saliency,normal,0,0,5.0,5.0,5.0,5.0,0.0,1.0,1.0,,0.0,0.9421425027155964,0.9569432464641761,0.0,1.0,0.5,0.0,0
53,saliency,normal,0,1,5.0,5.6,5.6000000000000005,5.6000000000000005,0.6000000000000005,1.0,0.9417645335842486,,0.0,0.9386477465487565,0.9623493393983891,0.0,1.0,0.5,0.019411822138583796,1
55,saliency,normal,0,1,5.0,5.4,5.4,5.4,0.40000000000000036,1.0,0.9607894391523232,,0.0,0.9364760180015573,0.9610100310807335,0.0,1.0,0.5,0.013070186949225607,1
61,saliency,normal,0,0,5.0,5.2,5.2,5.2,0.20000000000000018,1.0,0.9801986733067553,,0.0,0.9185092372222179,0.9564177446159008,2.6466097148841425e-09,1.0,0.5000000013233049,0.0066004422310815825,0
72,saliency,normal,0,0,5.0,5.0,5.0,5.0,0.0,1.0,1.0,,0.0,0.9354617540481098,0.9589929402541001,0.0,1.0,0.5,0.0,0
77,saliency,normal,0,1,5.0,5.6,5.6000000000000005,5.6000000000000005,0.6000000000000005,1.0,0.9417645335842486,,0.0,0.9285457182504495,0.9597017043094624,0.0,1.0,0.5,0.019411822138583796,1
80,saliency,normal,0,0,5.0,5.0,5.0,5.0,0.0,1.0,1.0,,0.0,0.9313314368626429,0.9634569931244923,0.0,1.0,0.5,0.0,0
83,saliency,normal,0,2,5.0,5.0,5.0,5.0,0.0,1.0,1.0,,0.0,0.9405726295249642,0.9617053258014882,0.0,1.0,0.5,0.0,2
91,saliency,normal,0,0,5.0,5.2,5.2,5.2,0.20000000000000018,1.0,0.9801986733067553,,0.0,0.9219697363141499,0.9588242466339334,0.0,1.0,0.5,0.0066004422310815825,0
96,saliency,normal,0,0,5.0,5.4,5.4,5.4,0.40000000000000036,1.0,0.9607894391523232,,0.0,0.9272646179011452,0.9591659622283629,0.0,1.0,0.5,0.013070186949225607,0
98,saliency,normal,0,0,5.0,5.0,5.0,5.0,0.0,1.0,1.0,,0.0,0.9301313971332399,0.9584286364007785,0.0,1.0,0.5,0.0,0
100,saliency,normal,0,0,5.0,5.4,5.4,5.4,0.40000000000000036,1.0,0.9607894391523232,,0.0,0.9323076074442838,0.9586266527929199,0.0,1.0,0.5,0.013070186949225607,0
108,saliency,normal,0,0,5.0,5.4,5.4,5.4,0.40000000000000036,1.0,0.9607894391523232,,0.0,0.9537003878373279,0.9598512368396164,8.115030844739919e-08,1.0,0.5000000405751542,0.013070186949225607,0
115,saliency,normal,0,0,5.0,4.8,4.800000000000001,4.800000000000001,0.1999999999999993,1.0,0.9801986733067554,,0.0,0.9332764456960944,0.9593255435385482,0.0,1.0,0.5,0.006600442231081545,0
120,saliency,normal,0,0,5.0,5.4,5.4,5.4,0.40000000000000036,1.0,0.9607894391523232,,0.0,0.9134582325006874,0.9569540578954667,5.2060027466536264e-09,1.0,0.5000000026030014,0.013070186949225607,0
124,saliency,normal,0,0,5.0,5.2,5.2,5.0,0.0,0.9801986733067553,1.0,,0.0,0.9551350091480277,0.9611432151139604,0.0,1.0,0.5,0.0,0
131,saliency,normal,0,0,5.0,5.4,5.4,5.4,0.40000000000000036,1.0,0.9607894391523232,,0.0,0.9305983025389719,0.9589255740861852,0.0,1.0,0.5,0.013070186949225607,0
132,saliency,normal,0,0,5.0,5.2,5.2,5.2,0.20000000000000018,1.0,0.9801986733067553,,0.0,0.9078716880088414,0.9576025883003519,0.0,1.0,0.5,0.0066004422310815825,0
135,saliency,normal,0,0,5.0,5.2,5.2,5.2,0.20000000000000018,1.0,0.9801986733067553,,0.0,0.8988277523295687,0.9576396202490838,0.0,1.0,0.5,0.0066004422310815825,0
138,saliency,normal,0,1,5.0,5.2,5.2,5.2,0.20000000000000018,1.0,0.9801986733067553,,0.0,0.9191753724992107,0.9570136617480699,0.0,1.0,0.5,0.0066004422310815825,1
140,saliency,normal,0,0,5.0,5.4,5.4,5.4,0.40000000000000036,1.0,0.9607894391523232,,0.0,0.9364901678199938,0.9605356186566789,0.0,1.0,0.5,0.013070186949225607,0
145,saliency,normal,0,0,5.0,5.2,5.2,5.2,0.20000000000000018,1.0,0.9801986733067553,,0.0,0.9221651404283119,0.9610214372711787,0.0,1.0,0.5,0.0066004422310815825,0
150,saliency,normal,0,0,5.0,5.6,5.6000000000000005,5.6000000000000005,0.6000000000000005,1.0,0.9417645335842486,,0.0,0.917017604228157,0.9574404685950739,4.950511569902783e-08,1.0,0.5000000247525579,0.019411822138583796,0
151,saliency,normal,0,0,5.0,5.6,5.6000000000000005,5.6000000000000005,0.6000000000000005,1.0,0.9417645335842486,,0.0,0.9590115289192015,0.9595471791509755,2.653118555328211e-07,1.0,0.5000001326559278,0.019411822138583796,0
152,saliency,normal,0,0,5.0,5.6,5.6000000000000005,5.6000000000000005,0.6000000000000005,1.0,0.9417645335842486,,0.0,0.91089302939745,0.959106544840536,2.2742471365704952e-07,1.0,0.5000001137123569,0.019411822138583796,0
156,saliency,normal,0,1,5.0,5.4,5.4,5.4,0.40000000000000036,1.0,0.9607894391523232,,0.0,0.9074246955904524,0.9600178017689339,0.0,1.0,0.5,0.013070186949225607,1
159,saliency,normal,0,0,5.0,5.0,5.0,5.0,0.0,1.0,1.0,,0.0,0.9184872247751219,0.9587438949725492,0.0,1.0,0.5,0.0,0
163,saliency,normal,0,0,5.0,5.2,5.2,5.2,0.20000000000000018,1.0,0.9801986733067553,,0.0,0.9512580117927643,0.9597662315542644,0.0,1.0,0.5,0.0066004422310815825,0
164,saliency,normal,0,0,5.0,5.4,5.4,5.4,0.40000000000000036,1.0,0.9607894391523232,,0.0,0.9364785180173951,0.9570953106419781,0.0,1.0,0.5,0.013070186949225607,0
166,saliency,normal,0,0,5.0,5.0,5.0,4.800000000000001,0.1999999999999993,0.9801986733067554,0.9801986733067554,,0.0,0.9597108854282997,0.962583045768719,0.0,1.0,0.5,0.006600442231081545,0
168,saliency,normal,0,0,5.0,5.2,5.2,5.2,0.20000000000000018,1.0,0.9801986733067553,,0.0,0.9142901202763288,0.95462310707656,0.0,1.0,0.5,0.0066004422310815825,0
172,saliency,normal,0,1,5.0,4.6,4.6000000000000005,4.6000000000000005,0.39999999999999947,1.0,0.9607894391523233,,0.0,0.9390947165006704,0.9626333168166721,0.0,1.0,0.5,0.01307018694922557,1
176,saliency,normal,0,0,5.0,5.4,5.4,5.2,0.20000000000000018,0.9801986733067553,0.9801986733067553,,0.0,0.9366394822498767,0.9589834279449921,0.0,1.0,0.5,0.0066004422310815825,0
178,saliency,normal,0,0,5.0,5.4,5.4,5.4,0.40000000000000036,1.0,0.9607894391523232,,0.0,0.9468875887749933,0.9594955691437418,3.1755841108133127e-09,1.0,0.500000001587792,0.013070186949225607,0
179,saliency,normal,0,0,5.0,5.0,5.0,5.0,0.0,1.0,1.0,,0.0,0.9419076678828333,0.9601887356785224,4.540069242717366e-09,1.0,0.5000000022700346,0.0,0
184,saliency,fault_light,1,1,20.0,5.2,19.400000000000002,19.400000000000002,0.5999999999999979,1.0,0.9417645335842489,0.4085727381743144,0.591427261825686,0.952800584635714,0.9639859346299097,0.01986284258887115,0.5481990794390058,0.2840309610139385,0.41369666335570754,0
185,saliency,fault_light,1,1,20.0,5.2,11.0,19.400000000000002,0.5999999999999979,0.4317105234290796,0.9417645335842489,0.6327981513931419,0.3672018486068581,0.9455650553840147,0.9666060443231536,0.03446083620291859,0.6641715300183472,0.3493161831106329,0.26421305454315575,0
192,saliency,fault_light,1,1,20.0,4.8,20.6,20.8,0.8000000000000007,0.9801986733067554,0.9231163463866358,0.657508517487508,0.3424914825124922,0.9357239546568035,0.9606061858372762,0.5311959555796125,0.7305605032911058,0.6308782294353592,0.2539555395461161,0
194,saliency,fault_light,1,1,20.0,4.6,21.0,20.6,0.6000000000000014,0.9607894391523234,0.9417645335842486,0.6667314471150637,0.3332685528849365,0.9683204932848974,0.9641936178362596,0.07827950185649982,0.674212199700369,0.3762458507784344,0.24159085739520805,0
200,saliency,fault_light,1,1,20.0,5.4,14.8,20.8,0.8000000000000007,0.5488116360940264,0.9231163463866358,0.6504606555579568,0.3495393444420434,0.9587423708705642,0.9604361033213962,0.0402925490066763,0.5812776834675306,0.3107851162371035,0.2586541141658169,0
203,saliency,fault_light,1,1,20.0,5.0,22.0,22.0,2.0,1.0,0.8187307530779818,0.5811737627578712,0.41882623724212903,0.9567501477079197,0.9613252150014563,0.007834136107834053,0.08867844655267111,0.04825629133025258,0.339640573802092,1
213,saliency,fault_light,1,1,20.0,5.6,21.8,21.8,1.8000000000000007,1.0,0.835270211411272,0.5834008039896255,0.41659919601037476,0.9594839474512834,0.9613114619042946,0.014911588569463894,0.18873503719549323,0.10182331288247856,0.33264272686982577,1
222,saliency,fault_light,1,1,20.0,5.6,18.2,18.2,1.8000000000000007,1.0,0.835270211411272,0.5767393856463319,0.42326061435366846,0.9622447983656922,0.9623761975693702,0.010082178254311965,0.06439267120117632,0.03723742472774415,0.3370836724320216,1
225,saliency,fault_light,1,1,20.0,5.2,21.400000000000002,21.400000000000002,1.4000000000000021,1.0,0.8693582353988056,0.3609476531640703,0.6390523468359299,0.9601488138949973,0.9595912766688145,0.007521005671799239,0.007845082257782096,0.007683043964790668,0.46958215275768467,1
230,saliency,fault_light,1,1,20.0,5.0,31.400000000000002,21.0,1.0,0.35345468195878005,0.9048374180359595,0.4016487078913371,0.5983512921086631,0.9547028631096602,0.9615172363776813,0.027229291367802524,0.03380016575383814,0.030514728560820333,0.4306217220604555,1
232,saliency,fault_light,1,1,20.0,5.2,19.200000000000003,19.200000000000003,0.7999999999999972,1.0,0.9231163463866361,0.7095499509210663,0.29045004907893385,0.9645400482409241,0.9670885185920405,0.018622194320782198,0.6336844104667484,0.3261533023937653,0.2192612505904105,0
234,saliency,fault_light,1,1,20.0,5.4,21.0,21.0,1.0,1.0,0.9048374180359595,0.6415506259713781,0.35844937402862215,0.9682449130907687,0.960492100245549,0.23472778184376833,0.7378549153970995,0.4862913486204339,0.27068711000709483,0
237,saliency,fault_light,1,1,20.0,5.6,55.400000000000006,55.400000000000006,35.400000000000006,1.0,0.02901332708219704,0.5255767054040573,0.4744232945959429,0.9562676841781212,0.9596241977260292,0.06775308265173959,0.1652520697086046,0.1165025761801721,0.6399444207032295,1
243,saliency,fault_light,1,1,20.0,5.4,7.800000000000001,19.6,0.3999999999999986,0.3072787386011312,0.9607894391523234,0.48989372722260005,0.5101062727774002,0.9511636317526972,0.9614523259283311,0.24928349293604135,0.6740586753573004,0.46167108414667085,0.35314103546749226,0
253,saliency,fault_light,1,1,20.0,5.2,22.0,22.0,2.0,1.0,0.8187307530779818,0.5297757076174321,0.4702242923825682,0.9506538365441703,0.9611473462852725,0.014221036679927327,0.6532753203906101,0.3337481785352687,0.37390594389571813,0
254,saliency,fault_light,1,1,20.0,5.6,19.8,6.4,13.6,0.261845668580326,0.25666077695355594,0.7420953807357766,0.2579046192642237,0.9575419223056018,0.9611875178916592,0.09060661657038233,0.7001642953369513,0.3953854559536668,0.41971615385829714,0
259,saliency,fault_light,1,1,20.0,5.4,48.0,48.0,28.0,1.0,0.06081006262521797,0.5085446462272875,0.49145535377271243,0.936873980343477,0.9614310062794443,0.49642071274949523,0.6623783397126245,0.5793995262310598,0.6407002149734023,0
261,saliency,fault_light,1,1,20.0,5.0,19.200000000000003,19.200000000000003,0.7999999999999972,1.0,0.9231163463866361,0.5454020206294474,0.4545979793705528,0.9653526872505727,0.9596131621738275,0.05335632619112804,0.16222954276753054,0.10779293447932929,0.32869320411815645,1
268,saliency,fault_light,1,1,20.0,5.2,19.200000000000003,18.400000000000002,1.5999999999999979,0.9231163463866358,0.8521437889662116,0.3996515042985139,0.6003484957014864,0.9551586434304297,0.9630134812136707,0.007110246838316884,0.05217957848587199,0.029644912662094437,0.449517734145587,1
271,saliency,fault_light,1,1,20.0,5.2,17.8,19.8,0.1999999999999993,0.8187307530779818,0.9801986733067554,0.42613190966223347,0.5738680903377669,0.9532315221423646,0.9628107279460496,0.010678599321804993,0.02851896197816837,0.019598780649986682,0.389179169122926,1
273,saliency,fault_light,1,1,20.0,5.4,18.2,18.2,1.8000000000000007,1.0,0.835270211411272,0.5758000000803578,0.4241999999196424,0.9246539594947738,0.9622363703397249,0.1867053385494481,0.7148785478020564,0.4507919431757522,0.3377099294760042,0
281,saliency,fault_light,1,1,20.0,5.2,19.400000000000002,19.400000000000002,0.5999999999999979,1.0,0.9417645335842489,0.4643361645608566,0.5356638354391438,0.9480590729749168,0.9604437175017002,0.037705792776649844,0.018129577138690223,0.02791768495767003,0.37652104576467943,1
284,saliency,fault_light,1,1,20.0,5.4,21.8,21.8,1.8000000000000007,1.0,0.835270211411272,0.34138586297498363,0.6586141370250165,0.9718173834167331,0.959060800111891,0.02292266671437887,0.049225060959349996,0.03607386383686444,0.493986020879587,1
295,saliency,fault_light,1,1,20.0,5.2,56.0,56.0,36.0,1.0,0.02732372244729256,0.814965090271389,0.18503490972861142,0.9455164018813049,0.9622782547064217,0.2773407208407131,0.6779631507024121,0.4776519357715626,0.4475820323366433,0
298,saliency,fault_light,1,1,20.0,5.4,48.2,48.2,28.200000000000003,1.0,0.05960594270893934,0.7702601403849493,0.22973985961505095,0.9490324007834521,0.9675805968681676,0.27311307636209886,0.6822600002941518,0.47768653832812535,0.4666245921737208,0
302,saliency,fault_light,1,1,20.0,5.2,35.800000000000004,8.200000000000001,11.799999999999999,0.0632917683596407,0.30727873860113125,0.4224289784832582,0.577571021516742,0.9516071640644789,0.958155825933591,0.045884019957786,0.07258929499352261,0.059236657475654306,0.6159544348107842,1
304,saliency,fault_light,1,1,20.0,5.0,28.0,19.400000000000002,0.5999999999999979,0.42316208231774893,0.9417645335842489,0.8257889886028036,0.17421101139719644,0.9307773015225393,0.9655767930569003,0.2933151594908158,0.7507121123994546,0.5220136359451352,0.1355524964033813,0
306,saliency,fault_light,1,1,20.0,5.0,28.200000000000003,22.0,2.0,0.5379444375946744,0.8187307530779818,0.5402079444418676,0.45979205555813263,0.9723728327050817,0.9614494535114939,0.003694015879949816,0.018365282549712935,0.011029649214831376,0.3669511193460944,1
324,saliency,fault_light,1,1,20.0,5.6,36.0,22.0,2.0,0.2465969639416065,0.8187307530779818,0.768130548668265,0.23186945133173506,0.9505848861787963,0.9614586315809323,0.31846690127881977,0.7218486898274835,0.5201577955531517,0.2150027165284961,0
327,saliency,fault_light,1,1,20.0,4.8,19.200000000000003,19.200000000000003,0.7999999999999972,1.0,0.9231163463866361,0.640343817943843,0.35965618205615735,0.93857971081856,0.9589222200281159,0.06454123532052339,0.13505418628410187,0.09979771080231263,0.2653986725752261,1
330,saliency,fault_light,1,1,20.0,5.6,21.6,21.6,1.6000000000000014,1.0,0.8521437889662112,0.4795816150805035,0.5204183849194968,0.9603953967119401,0.9594213229765229,0.08801084062881762,0.6102031580014705,0.34910699931514405,0.39623099362426073,0
336,saliency,fault_light,1,0,20.0,5.4,11.200000000000001,11.200000000000001,8.799999999999999,1.0,0.41478291168158143,0.4896669498515498,0.5103330501484504,0.9518986387925525,0.9602640712515047,0.0,0.3550929627739314,0.1775464813869657,0.5352943962051064,0
341,saliency,fault_light,1,1,20.0,5.6,20.400000000000002,20.400000000000002,0.40000000000000213,1.0,0.960789439152323,0.6095167563199511,0.3904832436800493,0.9651168556773884,0.9625874462136296,0.008528321732991284,0.08491593506755417,0.046722128400272726,0.27339234940259177,1
345,saliency,fault_light,1,1,20.0,5.4,19.0,19.0,1.0,1.0,0.9048374180359595,0.5436974728379971,0.4563025271620031,0.9747176655652643,0.9658493763112994,0.0010725666814035148,0.018255219686694298,0.009663893184048906,0.33592254542934885,1
353,saliency,fault_light,1,1,20.0,5.2,36.800000000000004,20.0,0.0,0.1863739760394099,1.0,0.36781821266369247,0.6321817873363078,0.9704484825359011,0.9633650468250471,0.05610371511360046,0.6211865071811068,0.33864511114735363,0.4214545248908718,0
354,saliency,fault_light,1,1,20.0,5.0,1.0,3.8000000000000003,16.2,0.7557837414557255,0.1978986990836147,0.6986283172779201,0.30137168272207987,0.9354686129891839,0.9604818689625639,0.4220864518783941,0.7068788476383813,0.5644826497583877,0.4682815554535151,0
355,saliency,fault_light,1,1,20.0,5.6,22.200000000000003,22.400000000000002,2.400000000000002,0.9801986733067554,0.7866278610665532,0.4709687548239031,0.5290312451760971,0.9713383079679924,0.9593413762092372,0.04383612655058235,0.10950287380814445,0.0766695001793634,0.42381154309521357,1
357,saliency,fault_light,1,1,20.0,5.4,20.8,20.8,0.8000000000000007,1.0,0.9231163463866358,0.41471062219110066,0.5852893778088996,0.9413389450631608,0.9586702890772648,0.10452312902740403,0.5544002795093742,0.3294617042683891,0.41582080307705444,0
363,saliency,fault_heavy,2,2,50.0,5.6,51.6,49.0,1.0,0.7710515858035661,0.9048374180359595,0.25427187263435225,0.745728127365648,0.9029583966872794,0.9557608454038246,0.22252568634228537,0.14705719531552888,0.18479144082890714,0.5288729455651121,2
365,saliency,fault_heavy,2,2,50.0,5.2,48.800000000000004,48.800000000000004,1.1999999999999957,1.0,0.8869204367171579,0.8491311773728522,0.15086882262714763,0.9760876896116149,0.9675088904410328,0.2708762912228226,0.521706013242873,0.39629115223284783,0.13827240284571252,1
367,saliency,fault_heavy,2,2,50.0,5.6,28.200000000000003,6.6000000000000005,43.4,0.11532512103806251,0.013036528203437736,0.7833374259920354,0.21666257400796468,0.9399122721069288,0.9535522272482784,0.9620693811435858,0.8300320220346125,0.896050701589099,0.4734295399374972,0
373,saliency,fault_heavy,2,2,50.0,5.6,8.6,6.2,43.8,0.7866278610665535,0.012525358621074385,0.796162966488596,0.20383703351140411,0.9683484193078526,0.9621462910134906,0.9026696144495725,0.851254648797006,0.8769621316232892,0.4650495694672446,0
389,saliency,fault_heavy,2,2,50.0,5.4,50.800000000000004,6.4,43.6,0.011795938519751562,0.01277838764953576,0.5537402617454886,0.4462597382545116,0.9644585911035354,0.9616805360360415,0.9602990567710857,0.782972886341932,0.8716359715565088,0.6265803629531624,0
393,saliency,fault_heavy,2,2,50.0,5.0,28.0,53.6,3.6000000000000014,0.07730474044329974,0.6976763260710309,0.3206661684311888,0.6793338315688114,0.950568444736766,0.959907446968377,0.9580067643064455,0.7148214324503247,0.8364140983783851,0.5536637790221972,0
397,saliency,fault_heavy,2,2,50.0,5.4,48.2,49.400000000000006,0.5999999999999943,0.8869204367171573,0.9417645335842493,0.42025549199542467,0.5797445080045753,0.9563855900932137,0.9582824788617182,0.054539019714729034,0.12308035782774689,0.08880968877123796,0.40590816080830044,2
402,saliency,fault_heavy,2,2,50.0,4.8,42.0,52.800000000000004,2.8000000000000043,0.339595525644939,0.7557837414557251,0.4962400024764131,0.5037599975235868,0.9581278439133637,0.9630628995241802,0.9511768262496697,0.7573653018213067,0.8542710640354882,0.41724541786381614,0
404,saliency,fault_heavy,2,2,50.0,5.4,49.800000000000004,49.800000000000004,0.19999999999999574,1.0,0.9801986733067557,0.42512379691098723,0.574876203089013,0.9598294834269329,0.958410133058501,0.10173098127401686,0.13825193526145438,0.11999145826773562,0.38985124429042334,2
406,saliency,fault_heavy,2,2,50.0,5.2,48.400000000000006,52.0,2.0,0.6976763260710315,0.8187307530779818,0.5694326135098904,0.4305673864901097,0.9414458284887482,0.9619225598782741,0.4370756533947645,0.7125994385808112,0.5748375459877879,0.3474680066340792,0
408,saliency,fault_heavy,2,2,50.0,4.6,47.800000000000004,52.800000000000004,2.8000000000000043,0.6065306597126334,0.7557837414557251,0.42389983716059265,0.5761001628394076,0.962438263437182,0.9621362683378387,0.21480996738702196,0.1776510803721266,0.1962305238795743,0.4654721947410299,2
409,saliency,fault_heavy,2,2,50.0,4.6,18.6,52.0,2.0,0.03543695772159864,0.8187307530779818,0.6536350229143619,0.34636497708563824,0.9419272859200686,0.9641463812816073,0.46727711011109935,0.40577594648631427,0.4365265282987068,0.2913330670310981,1
417,saliency,fault_heavy,2,2,50.0,5.2,22.8,48.0,2.0,0.08045960674953244,0.8187307530779818,0.563415668126064,0.43658433187393597,0.9650388622012916,0.9577696442158493,0.9287080546090211,0.42452176301162714,0.6766149088103242,0.3514793035566301,1
421,saliency,fault_heavy,2,2,50.0,5.2,55.400000000000006,47.0,3.0,0.43171052342907945,0.7408182206817179,0.4954142672558197,0.5045857327441804,0.9330658337934453,0.9586826502556002,0.8939552470321781,0.7446579222587957,0.8193065846454869,0.4227844149355476,0
424,saliency,fault_heavy,2,2,50.0,5.0,22.0,48.400000000000006,1.5999999999999943,0.07136126955638603,0.8521437889662118,0.2922766415921403,0.7077233584078599,0.9414728219749415,0.9586521386280243,0.9525825283619813,0.3834348167640098,0.6680086725629956,0.521100975949836,1
431,saliency,fault_heavy,2,2,50.0,5.6,51.400000000000006,7.0,43.0,0.011795938519751562,0.013568559012200934,0.840663538028702,0.15933646197129808,0.9750705335660953,0.9638410122325013,0.5224107236794543,0.8449338610732188,0.6836722923763365,0.4350347883101317,0
445,saliency,fault_heavy,2,2,50.0,5.2,53.0,51.800000000000004,1.8000000000000043,0.8869204367171579,0.8352702114112717,0.7166215186837954,0.28337848131620463,0.9589736242829994,0.9632729789315906,0.24725222656785206,0.46832244552867947,0.35778733604826574,0.24382891707371254,1
455,saliency,fault_heavy,2,2,50.0,5.2,48.6,47.2,2.799999999999997,0.869358235398806,0.7557837414557257,0.6234585153416874,0.37654148465831266,0.943093967084559,0.9626072428675022,0.45788144446918727,0.4410570479551981,0.4494692462121927,0.3324330759536332,1
456,saliency,fault_heavy,2,2,50.0,5.2,11.0,49.6,0.3999999999999986,0.021067999523041423,0.9607894391523234,0.5410683883997223,0.4589316116002776,0.9578632442363807,0.9616147530398496,0.9231318132972522,0.7752541518383488,0.8491929825678005,0.31902459468274397,0
494,saliency,fault_heavy,2,2,50.0,5.2,1.0,48.0,2.0,0.009095277101695816,0.8187307530779818,0.6778058640922103,0.32219413590778956,0.9643043287049404,0.9635926352207627,0.8821253544775544,0.8241812674619023,0.8531533109697284,0.27521917291253245,0
515,saliency,fault_heavy,2,2,50.0,5.2,10.600000000000001,50.6,0.6000000000000014,0.01831563888873418,0.9417645335842486,0.6522934736984728,0.3477065263015273,0.9149277231406375,0.9507697062893171,0.8960122982637455,0.7822980598795845,0.8391551790716649,0.25121617300626864,0
522,saliency,fault_heavy,2,2,50.0,5.2,48.800000000000004,48.800000000000004,1.1999999999999957,1.0,0.8869204367171579,0.38426613530512654,0.6157338646948735,0.9523870185610829,0.9599886153118632,0.2601429620135875,0.17911602685428152,0.2196294944339345,0.448182430890863,2
527,saliency,fault_heavy,2,2,50.0,5.2,49.6,3.8000000000000003,46.2,0.010254896296404022,0.009852796061187257,0.8644866037252457,0.13551339627475434,0.9760608825666607,0.957114723145281,0.3014105116700783,0.8078685213481175,0.5546395165090979,0.42039133216277386,0
530,saliency,fault_heavy,2,2,50.0,5.0,47.2,47.2,2.799999999999997,1.0,0.7557837414557257,0.7113512257460854,0.2886487742539146,0.9741907171888421,0.9577252604944768,0.78183531528748,0.780095440771346,0.780965378029413,0.27383793568403453,0
533,saliency,fault_heavy,2,2,50.0,5.2,50.2,3.0,47.0,0.008915178548439545,0.009095277101695816,0.6259709078032636,0.3740290921967364,0.9548231754811294,0.9553404022010888,0.8749341925696855,0.41195116572469653,0.643442679147191,0.5796543024305923,1
534,saliency,fault_heavy,2,2,50.0,4.6,11.4,50.800000000000004,0.8000000000000043,0.019448214745385384,0.9231163463866354,0.7117089890166031,0.28829101098339693,0.9536716128717379,0.9579491682188055,0.49298588701763485,0.7693850889894408,0.6311854880035378,0.21782189186005282,0
0,smoothgrad,normal,0,0,5.0,5.0,5.0,5.0,0.0,1.0,1.0,,0.0,0.9350755733779804,0.964987133814269,1.053003927231705e-07,1.0,0.5000000526501963,0.0,0
20,smoothgrad,normal,0,0,5.0,5.4,5.4,5.4,0.40000000000000036,1.0,0.9607894391523232,,0.0,0.9579793634925202,0.969759068604014,0.0,1.0,0.5,0.013070186949225607,0
29,smoothgrad,normal,0,0,5.0,5.4,5.4,5.4,0.40000000000000036,1.0,0.9607894391523232,,0.0,0.9459462853607394,0.9661528855727992,0.0,1.0,0.5,0.013070186949225607,0
33,smoothgrad,normal,0,2,5.0,5.6,5.6000000000000005,5.6000000000000005,0.6000000000000005,1.0,0.9417645335842486,,0.0,0.9324735795426824,0.9653593597879774,3.167032547330725e-07,1.0,0.5000001583516274,0.019411822138583796,2
35,smoothgrad,normal,0,0,5.0,5.2,5.2,5.2,0.20000000000000018,1.0,0.9801986733067553,,0.0,0.9549322356244486,0.9671851149678328,1.4249603500932079e-09,1.0,0.5000000007124802,0.0066004422310815825,0
36,smoothgrad,normal,0,1,5.0,5.6,5.6000000000000005,5.6000000000000005,0.6000000000000005,1.0,0.9417645335842486,,0.0,0.9690062381673106,0.9599466960923905,0.0,1.0,0.5,0.019411822138583796,1
40,smoothgrad,normal,0,0,5.0,5.6,5.6000000000000005,5.6000000000000005,0.6000000000000005,1.0,0.9417645335842486,,0.0,0.9291612848640064,0.966365291375937,2.2734344780811777e-07,1.0,0.5000001136717239,0.019411822138583796,0
45,smoothgrad,normal,0,0,5.0,5.4,5.4,5.4,0.40000000000000036,1.0,0.9607894391523232,,0.0,0.9580866730229732,0.9688565567516656,0.0,1.0,0.5,0.013070186949225607,0
46,smoothgrad,normal,0,0,5.0,5.2,5.2,5.2,0.20000000000000018,1.0,0.9801986733067553,,0.0,0.9372723757748987,0.9658962381215469,3.2435616843243656e-08,1.0,0.5000000162178084,0.0066004422310815825,0
51,smoothgrad,normal,0,0,5.0,5.0,5.0,5.0,0.0,1.0,1.0,,0.0,0.9522020101593361,0.9638396436173973,0.0,1.0,0.5,0.0,0
53,smoothgrad,normal,0,1,5.0,5.6,5.6000000000000005,5.6000000000000005,0.6000000000000005,1.0,0.9417645335842486,,0.0,0.9493657234389923,0.9647865060389864,0.0,1.0,0.5,0.019411822138583796,1
55,smoothgrad,normal,0,1,5.0,5.4,5.4,5.4,0.40000000000000036,1.0,0.9607894391523232,,0.0,0.9472073198815432,0.9634368055366934,0.0,1.0,0.5,0.013070186949225607,1
61,smoothgrad,normal,0,0,5.0,5.2,5.2,5.2,0.20000000000000018,1.0,0.9801986733067553,,0.0,0.9293319656011279,0.9640095381261788,2.6466097148841425e-09,1.0,0.5000000013233049,0.0066004422310815825,0
72,smoothgrad,normal,0,0,5.0,5.0,5.0,5.0,0.0,1.0,1.0,,0.0,0.9490455245279916,0.9659418207894165,0.0,1.0,0.5,0.0,0
77,smoothgrad,normal,0,1,5.0,5.6,5.6000000000000005,5.6000000000000005,0.6000000000000005,1.0,0.9417645335842486,,0.0,0.9374109290737657,0.9633727279473207,0.0,1.0,0.5,0.019411822138583796,1
80,smoothgrad,normal,0,0,5.0,5.0,5.0,5.0,0.0,1.0,1.0,,0.0,0.9532867469661116,0.9728818266720614,0.0,1.0,0.5,0.0,0
83,smoothgrad,normal,0,2,5.0,5.0,5.0,5.0,0.0,1.0,1.0,,0.0,0.9426488317547651,0.964348925511373,0.0,1.0,0.5,0.0,2
91,smoothgrad,normal,0,0,5.0,5.2,5.2,5.2,0.20000000000000018,1.0,0.9801986733067553,,0.0,0.9448887983619703,0.9635913682778949,0.0,1.0,0.5,0.0066004422310815825,0
96,smoothgrad,normal,0,0,5.0,5.4,5.4,5.4,0.40000000000000036,1.0,0.9607894391523232,,0.0,0.9433223843408642,0.9635842719534984,0.0,1.0,0.5,0.013070186949225607,0
98,smoothgrad,normal,0,0,5.0,5.0,5.0,5.0,0.0,1.0,1.0,,0.0,0.9417824251568364,0.9647652170430628,0.0,1.0,0.5,0.0,0
100,smoothgrad,normal,0,0,5.0,5.4,5.4,5.4,0.40000000000000036,1.0,0.9607894391523232,,0.0,0.9519179567763149,0.9660057123531752,0.0,1.0,0.5,0.013070186949225607,0
108,smoothgrad,normal,0,0,5.0,5.4,5.4,5.4,0.40000000000000036,1.0,0.9607894391523232,,0.0,0.9592544096201706,0.9670845651680209,8.115030844739919e-08,1.0,0.5000000405751542,0.013070186949225607,0
115,smoothgrad,normal,0,0,5.0,4.8,4.800000000000001,4.800000000000001,0.1999999999999993,1.0,0.9801986733067554,,0.0,0.9403497568550206,0.9646489557355999,0.0,1.0,0.5,0.006600442231081545,0
120,smoothgrad,normal,0,0,5.0,5.4,5.4,5.4,0.40000000000000036,1.0,0.9607894391523232,,0.0,0.9252313436514031,0.9630805434119825,5.2060027466536264e-09,1.0,0.5000000026030014,0.013070186949225607,0
124,smoothgrad,normal,0,0,5.0,5.2,5.2,5.0,0.0,0.9801986733067553,1.0,,0.0,0.9572201979685909,0.9676871234958514,0.0,1.0,0.5,0.0,0
131,smoothgrad,normal,0,0,5.0,5.4,5.4,5.4,0.40000000000000036,1.0,0.9607894391523232,,0.0,0.9346189878920734,0.9669224084180099,0.0,1.0,0.5,0.013070186949225607,0
132,smoothgrad,normal,0,0,5.0,5.2,5.2,5.2,0.20000000000000018,1.0,0.9801986733067553,,0.0,0.9346137950473905,0.9631574637639624,0.0,1.0,0.5,0.0066004422310815825,0
135,smoothgrad,normal,0,0,5.0,5.2,5.2,5.2,0.20000000000000018,1.0,0.9801986733067553,,0.0,0.9123163120844231,0.9625834764317556,0.0,1.0,0.5,0.0066004422310815825,0
138,smoothgrad,normal,0,1,5.0,5.2,5.2,5.2,0.20000000000000018,1.0,0.9801986733067553,,0.0,0.9143731213854012,0.9615381823026651,0.0,1.0,0.5,0.0066004422310815825,1
140,smoothgrad,normal,0,0,5.0,5.4,5.4,5.4,0.40000000000000036,1.0,0.9607894391523232,,0.0,0.9451777919277217,0.965845375888373,0.0,1.0,0.5,0.013070186949225607,0
145,smoothgrad,normal,0,0,5.0,5.2,5.2,5.2,0.20000000000000018,1.0,0.9801986733067553,,0.0,0.9478041043641914,0.968954578876646,0.0,1.0,0.5,0.0066004422310815825,0
150,smoothgrad,normal,0,0,5.0,5.6,5.6000000000000005,5.6000000000000005,0.6000000000000005,1.0,0.9417645335842486,,0.0,0.9269059112505236,0.963406353280642,4.950511569902783e-08,1.0,0.5000000247525579,0.019411822138583796,0
151,smoothgrad,normal,0,0,5.0,5.6,5.6000000000000005,5.6000000000000005,0.6000000000000005,1.0,0.9417645335842486,,0.0,0.9635406523742677,0.9674924784988478,2.653118555328211e-07,1.0,0.5000001326559278,0.019411822138583796,0
152,smoothgrad,normal,0,0,5.0,5.6,5.6000000000000005,5.6000000000000005,0.6000000000000005,1.0,0.9417645335842486,,0.0,0.9328981042666793,0.9658363457777875,2.2742471365704952e-07,1.0,0.5000001137123569,0.019411822138583796,0
156,smoothgrad,normal,0,1,5.0,5.4,5.4,5.4,0.40000000000000036,1.0,0.9607894391523232,,0.0,0.9088556670836099,0.9638845224925444,0.0,1.0,0.5,0.013070186949225607,1
159,smoothgrad,normal,0,0,5.0,5.0,5.0,5.0,0.0,1.0,1.0,,0.0,0.9321131443501646,0.9636275572734683,0.0,1.0,0.5,0.0,0
163,smoothgrad,normal,0,0,5.0,5.2,5.2,5.2,0.20000000000000018,1.0,0.9801986733067553,,0.0,0.9638205558943213,0.9672029390615495,0.0,1.0,0.5,0.0066004422310815825,0
164,smoothgrad,normal,0,0,5.0,5.4,5.4,5.4,0.40000000000000036,1.0,0.9607894391523232,,0.0,0.9543323454286772,0.9635989862916603,0.0,1.0,0.5,0.013070186949225607,0
166,smoothgrad,normal,0,0,5.0,5.0,5.0,4.800000000000001,0.1999999999999993,0.9801986733067554,0.9801986733067554,,0.0,0.9716680626768137,0.9681446557358611,0.0,1.0,0.5,0.006600442231081545,0
168,smoothgrad,normal,0,0,5.0,5.2,5.2,5.2,0.20000000000000018,1.0,0.9801986733067553,,0.0,0.9367996070735989,0.9612528905663869,0.0,1.0,0.5,0.0066004422310815825,0
172,smoothgrad,normal,0,1,5.0,4.6,4.6000000000000005,4.6000000000000005,0.39999999999999947,1.0,0.9607894391523233,,0.0,0.9551196934828192,0.9661553711284934,0.0,1.0,0.5,0.01307018694922557,1
176,smoothgrad,normal,0,0,5.0,5.4,5.4,5.2,0.20000000000000018,0.9801986733067553,0.9801986733067553,,0.0,0.9572231284773235,0.9658226045077063,0.0,1.0,0.5,0.0066004422310815825,0
178,smoothgrad,normal,0,0,5.0,5.4,5.4,5.4,0.40000000000000036,1.0,0.9607894391523232,,0.0,0.9632343455672955,0.9669989818443008,3.1755841108133127e-09,1.0,0.500000001587792,0.013070186949225607,0
179,smoothgrad,normal,0,0,5.0,5.0,5.0,5.0,0.0,1.0,1.0,,0.0,0.9577020730266188,0.9691596241013347,4.540069242717366e-09,1.0,0.5000000022700346,0.0,0
184,smoothgrad,fault_light,1,1,20.0,5.2,19.400000000000002,19.400000000000002,0.5999999999999979,1.0,0.9417645335842489,0.4072393008735599,0.5927606991264402,0.9524872683104509,0.9663640749443086,0.021718541653002712,0.5509457849092292,0.28633216328111594,0.4145856215562104,0
185,smoothgrad,fault_light,1,1,20.0,5.2,11.0,19.400000000000002,0.5999999999999979,0.4317105234290796,0.9417645335842489,0.6306715372578853,0.36932846274211506,0.9558787585624294,0.9693785129624726,0.03408511180629876,0.6601856821303161,0.3471353969683075,0.2656307972999936,0
192,smoothgrad,fault_light,1,1,20.0,4.8,20.6,20.8,0.8000000000000007,0.9801986733067554,0.9231163463866358,0.6498811214575784,0.3501188785424219,0.9426006347140226,0.9633579471930165,0.5787853806006159,0.7276691261809507,0.6532272533907832,0.25904047023273596,0
194,smoothgrad,fault_light,1,1,20.0,4.6,21.0,20.6,0.6000000000000014,0.9607894391523234,0.9417645335842486,0.6646133865330996,0.3353866134669006,0.9743362282743707,0.9669266510643404,0.08052668383768377,0.6721646862489478,0.3763456850433158,0.2430028977831841,0
200,smoothgrad,fault_light,1,1,20.0,5.4,14.8,20.8,0.8000000000000007,0.5488116360940264,0.9231163463866358,0.6436273606536628,0.35637263934633745,0.9625304999044555,0.96281412448207,0.03900673195755061,0.5755551919015595,0.307280961929555,0.263209644102013,0
203,smoothgrad,fault_light,1,1,20.0,5.0,22.0,22.0,2.0,1.0,0.8187307530779818,0.5823179663716824,0.4176820336283178,0.9632548453179852,0.9631060987164808,0.006958259905973502,0.08955936834176387,0.04825881412386868,0.3388777713928845,1
213,smoothgrad,fault_light,1,1,20.0,5.6,21.8,21.8,1.8000000000000007,1.0,0.835270211411272,0.5839843171951831,0.41601568280481704,0.9693653355677042,0.963616692325431,0.018793583438679862,0.19041154759529963,0.10460256551698975,0.33225371806612064,1
222,smoothgrad,fault_light,1,1,20.0,5.6,18.2,18.2,1.8000000000000007,1.0,0.835270211411272,0.5764338631810866,0.42356613681891375,0.9726368397223771,0.9636946614812175,0.01020289538997511,0.06789771399996693,0.03905030469497102,0.3372873540755184,1
225,smoothgrad,fault_light,1,1,20.0,5.2,21.400000000000002,21.400000000000002,1.4000000000000021,1.0,0.8693582353988056,0.3636494479716468,0.6363505520283534,0.9610744393511219,0.9612580603027776,0.007195645007254811,0.007845082257782096,0.007520363632518453,0.4677809562193003,1
230,smoothgrad,fault_light,1,1,20.0,5.0,31.400000000000002,21.0,1.0,0.35345468195878005,0.9048374180359595,0.4065043478322169,0.5934956521677833,0.9601440891271112,0.9630385414631877,0.030309716408752515,0.03380016575383814,0.03205494108129533,0.42738462876653566,1
232,smoothgrad,fault_light,1,1,20.0,5.2,19.200000000000003,19.200000000000003,0.7999999999999972,1.0,0.9231163463866361,0.7062010741033207,0.29379892589667955,0.9706562326669014,0.9685209501230997,0.020558284810920008,0.6365298725739672,0.3285440786924436,0.22149383513557427,0
234,smoothgrad,fault_light,1,1,20.0,5.4,21.0,21.0,1.0,1.0,0.9048374180359595,0.6305368748125626,0.3694631251874376,0.9705617973363971,0.9639586552772071,0.22844749975706558,0.734367210261475,0.4814073550092703,0.2780296107796385,0
237,smoothgrad,fault_light,1,1,20.0,5.6,55.400000000000006,55.400000000000006,35.400000000000006,1.0,0.02901332708219704,0.523710492756462,0.47628950724353836,0.9629232132246929,0.9626321467984252,0.07389313765900891,0.16407196600372553,0.11898255183136722,0.641188562468293,1
243,smoothgrad,fault_light,1,1,20.0,5.4,7.800000000000001,19.6,0.3999999999999986,0.3072787386011312,0.9607894391523234,0.48215966968413326,0.5178403303158671,0.9625233456784065,0.9650355880753626,0.24852071556233105,0.6720692670974412,0.4602949913298861,0.35829707382647014,0
253,smoothgrad,fault_light,1,1,20.0,5.2,22.0,22.0,2.0,1.0,0.8187307530779818,0.5296005239006655,0.47039947609933475,0.9573227159754631,0.9628636236573292,0.01921279602659494,0.652620862457928,0.3359168292422615,0.3740227330402292,0
254,smoothgrad,fault_light,1,1,20.0,5.6,19.8,6.4,13.6,0.261845668580326,0.25666077695355594,0.7369584949930597,0.2630415050069407,0.965053850416117,0.9640925019200193,0.08367734870148788,0.696888057967281,0.3902827033343845,0.4231407443534416,0
259,smoothgrad,fault_light,1,1,20.0,5.4,48.0,48.0,28.0,1.0,0.06081006262521797,0.49048815701785375,0.5095118429821462,0.9502186671122016,0.9648355521195746,0.5239278744877012,0.6524688616854306,0.5881983680865659,0.6527378744463581,0
261,smoothgrad,fault_light,1,1,20.0,5.0,19.200000000000003,19.200000000000003,0.7999999999999972,1.0,0.9231163463866361,0.5414591902863696,0.45854080971363065,0.9712396337476252,0.9626480905820519,0.05604681970299557,0.16002682519994949,0.10803682245147253,0.33132175768020833,1
268,smoothgrad,fault_light,1,1,20.0,5.2,19.200000000000003,18.400000000000002,1.5999999999999979,0.9231163463866358,0.8521437889662116,0.3983979175670599,0.6016020824329404,0.9576826135972378,0.9650663180999297,0.008390460605877099,0.05374532216738596,0.03106789138663153,0.450353458633223,1
271,smoothgrad,fault_light,1,1,20.0,5.2,17.8,19.8,0.1999999999999993,0.8187307530779818,0.9801986733067554,0.42219834487160757,0.5778016551283927,0.9607594164831457,0.9651319554228833,0.010323550945093369,0.027016373976725756,0.018669962460909562,0.3918015456500099,1
273,smoothgrad,fault_light,1,1,20.0,5.4,18.2,18.2,1.8000000000000007,1.0,0.835270211411272,0.5772967630153663,0.422703236984634,0.9320764380970223,0.9653116111536088,0.1642383914220909,0.7166575380507901,0.44044796473644054,0.3367120875193319,0
281,smoothgrad,fault_light,1,1,20.0,5.2,19.400000000000002,19.400000000000002,0.5999999999999979,1.0,0.9417645335842489,0.46998065530539374,0.5300193446946064,0.9592791777541844,0.9628612082395823,0.041919926024203615,0.018129577138690223,0.03002475158144692,0.37275805193498784,1
284,smoothgrad,fault_light,1,1,20.0,5.4,21.8,21.8,1.8000000000000007,1.0,0.835270211411272,0.33813039082155016,0.66186960917845,0.978696917460343,0.9611564675543145,0.021664413095693558,0.047572470295668,0.03461844169568078,0.4961563356485426,1
295,smoothgrad,fault_light,1,1,20.0,5.2,56.0,56.0,36.0,1.0,0.02732372244729256,0.81028748110028,0.18971251889972024,0.9609922000317115,0.9666901383384776,0.2614039323476258,0.6728022576511269,0.46710309499937636,0.4507004384507159,0
298,smoothgrad,fault_light,1,1,20.0,5.4,48.2,48.2,28.200000000000003,1.0,0.05960594270893934,0.7590334315201717,0.24096656847982842,0.9512858135554334,0.970714152565244,0.2593239955073416,0.6832480047550012,0.4712860001311714,0.4741090647502391,0
302,smoothgrad,fault_light,1,1,20.0,5.2,35.800000000000004,8.200000000000001,11.799999999999999,0.0632917683596407,0.30727873860113125,0.42156293896843267,0.5784370610315677,0.9490146667723245,0.9604091439002058,0.047124243890475856,0.07354455407166414,0.06033439898107,0.6165317944873345,1
304,smoothgrad,fault_light,1,1,20.0,5.0,28.0,19.400000000000002,0.5999999999999979,0.42316208231774893,0.9417645335842489,0.8137966270360271,0.18620337296397294,0.9411695358828871,0.969358118009733,0.3016536750325175,0.7488743990663047,0.525264037049411,0.14354740411456565,0
306,smoothgrad,fault_light,1,1,20.0,5.0,28.200000000000003,22.0,2.0,0.5379444375946744,0.8187307530779818,0.5402579300028777,0.4597420699971225,0.9779223374393967,0.9636865320469917,0.0033994999268183324,0.020201728910383458,0.011800614418600894,0.3669177956387544,1
324,smoothgrad,fault_light,1,1,20.0,5.6,36.0,22.0,2.0,0.2465969639416065,0.8187307530779818,0.754914139623538,0.24508586037646196,0.9604243766798289,0.9646760063753503,0.3336530506575083,0.7157348092827603,0.5246939299701343,0.22381365589164737,0
327,smoothgrad,fault_light,1,1,20.0,4.8,19.200000000000003,19.200000000000003,0.7999999999999972,1.0,0.9231163463866361,0.6428446858325577,0.3571553141674425,0.9454210788864937,0.9609023308330625,0.08114683928154828,0.13659270409033536,0.10886977168594182,0.2637314273160829,1
330,smoothgrad,fault_light,1,1,20.0,5.6,21.6,21.6,1.6000000000000014,1.0,0.8521437889662112,0.47923039796373995,0.5207696020362602,0.9600538855819661,0.962240235416116,0.08047996635334337,0.6133466324097593,0.34691329938155135,0.3964651383687697,0
336,smoothgrad,fault_light,1,0,20.0,5.4,11.200000000000001,11.200000000000001,8.799999999999999,1.0,0.41478291168158143,0.48587275556364323,0.5141272444363569,0.9618067473563182,0.966833745804024,0.0,0.3545065745576366,0.1772532872788183,0.5378238590637107,0
341,smoothgrad,fault_light,1,1,20.0,5.6,20.400000000000002,20.400000000000002,0.40000000000000213,1.0,0.960789439152323,0.6080239868522901,0.39197601314771013,0.9701967361740322,0.9646289612550982,0.009771924091524928,0.08474066715910773,0.04725629562531633,0.27438752904769903,1
345,smoothgrad,fault_light,1,1,20.0,5.4,19.0,19.0,1.0,1.0,0.9048374180359595,0.5447978518390064,0.4552021481609938,0.9808359174394047,0.9684156611223653,0.0010771570813896175,0.017318596348823632,0.009197876715106624,0.33518895942867594,1
353,smoothgrad,fault_light,1,1,20.0,5.2,36.800000000000004,20.0,0.0,0.1863739760394099,1.0,0.36874058184862696,0.6312594181513734,0.9710316767441182,0.9661415690893237,0.06036084462777035,0.6194173080039188,0.3398890763158446,0.4208396121009155,0
354,smoothgrad,fault_light,1,1,20.0,5.0,1.0,3.8000000000000003,16.2,0.7557837414557255,0.1978986990836147,0.7047453011148791,0.2952546988851208,0.9491729954482608,0.9640675528081176,0.39392126945282974,0.7019318266336905,0.5479265480432601,0.4642035662288757,0
355,smoothgrad,fault_light,1,1,20.0,5.6,22.200000000000003,22.400000000000002,2.400000000000002,0.9801986733067554,0.7866278610665532,0.463469230800523,0.5365307691994773,0.9715873329356141,0.9624422428940484,0.04347593460448254,0.10568859712097374,0.07458226586272815,0.428811225777467,1
357,smoothgrad,fault_light,1,1,20.0,5.4,20.8,20.8,0.8000000000000007,1.0,0.9231163463866358,0.41464258516434,0.5853574148356603,0.9493338820609876,0.9631104056291009,0.113032687537321,0.5539560167270191,0.33349435213217005,0.4158661610948948,0
363,smoothgrad,fault_heavy,2,2,50.0,5.6,51.6,49.0,1.0,0.7710515858035661,0.9048374180359595,0.25229039468224435,0.7477096053177559,0.9057655633107325,0.9575733687255752,0.22252568634228537,0.14589743333616934,0.18421155983922735,0.5301939308665173,2
365,smoothgrad,fault_heavy,2,2,50.0,5.2,48.800000000000004,48.800000000000004,1.1999999999999957,1.0,0.8869204367171579,0.8457368229260718,0.154263177073928,0.9838709564053937,0.9695207497911853,0.14690455240801661,0.5164265134519038,0.3316655329299602,0.14053530581023277,1
367,smoothgrad,fault_heavy,2,2,50.0,5.6,28.200000000000003,6.6000000000000005,43.4,0.11532512103806251,0.013036528203437736,0.7262358697332865,0.27376413026671365,0.9745895298007652,0.9573481218965215,0.9643056198593613,0.8091178644969558,0.8867117421781585,0.5114972441099965,0
373,smoothgrad,fault_heavy,2,2,50.0,5.6,8.6,6.2,43.8,0.7866278610665535,0.012525358621074385,0.7980612138490792,0.20193878615092084,0.9724697303843413,0.9635753489639276,0.8818227705020966,0.8509471725346515,0.866384971518374,0.46378407122692233,0
389,smoothgrad,fault_heavy,2,2,50.0,5.4,50.800000000000004,50.800000000000004,0.8000000000000043,1.0,0.9231163463866354,0.4855639756961053,0.514436024303895,0.9672153653841429,0.9663900148194327,0.9603750945745683,0.7585455956141463,0.8594603450943572,0.3685852340737181,0
393,smoothgrad,fault_heavy,2,2,50.0,5.0,28.0,53.6,3.6000000000000014,0.07730474044329974,0.6976763260710309,0.31737384346337266,0.6826261565366276,0.9645014254186158,0.9647287747901654,0.9584095910833107,0.7133543624069417,0.8358819767451262,0.5558586623340748,0
397,smoothgrad,fault_heavy,2,2,50.0,5.4,48.2,49.400000000000006,0.5999999999999943,0.8869204367171573,0.9417645335842493,0.42105278972132354,0.5789472102786766,0.9588760632158752,0.9603234890399127,0.05151078286682403,0.12346169160929954,0.08748623723806179,0.4053766289910346,2
402,smoothgrad,fault_heavy,2,2,50.0,4.8,42.0,52.800000000000004,2.8000000000000043,0.339595525644939,0.7557837414557251,0.4550478047619043,0.5449521952380957,0.9650073324914363,0.9669202265353903,0.9512414463076623,0.7429861031410415,0.8471137747243519,0.4447068830068221,0
404,smoothgrad,fault_heavy,2,2,50.0,5.4,49.800000000000004,49.800000000000004,0.19999999999999574,1.0,0.9801986733067557,0.42162932752453575,0.5783706724754643,0.954158217775378,0.9606187763471703,0.1064424365960892,0.13674316298008674,0.12159279978808796,0.39218089054805755,2
406,smoothgrad,fault_heavy,2,2,50.0,5.2,48.400000000000006,52.0,2.0,0.6976763260710315,0.8187307530779818,0.5534207412584353,0.4465792587415648,0.9374430525287253,0.9639032648926389,0.42416511769854254,0.7092854651649536,0.5667252914317481,0.35814258813504923,0
408,smoothgrad,fault_heavy,2,2,50.0,4.6,47.800000000000004,52.800000000000004,2.8000000000000043,0.6065306597126334,0.7557837414557251,0.4180554791528471,0.5819445208471532,0.9589879152851467,0.9636339055773069,0.19380397490496512,0.17536518179130925,0.18458457834813718,0.46936843341286033,2
409,smoothgrad,fault_heavy,2,2,50.0,4.6,18.6,51.6,1.6000000000000014,0.036883167401240015,0.8521437889662112,0.6494803911771132,0.350519608822887,0.9348206713184263,0.9660715300634706,0.48724239129205504,0.4047213569330747,0.44598187411256485,0.2829651428931875,1
417,smoothgrad,fault_heavy,2,2,50.0,5.2,22.8,48.0,2.0,0.08045960674953244,0.8187307530779818,0.566354321174316,0.43364567882568406,0.95674696306155,0.9592240901754253,0.9284479510545386,0.42779728732533445,0.6781226191899365,0.34952020152446206,1
421,smoothgrad,fault_heavy,2,2,50.0,5.2,55.400000000000006,48.0,2.0,0.4771139155210341,0.8187307530779818,0.43593223351192545,0.5640677664880747,0.9579391312334015,0.9637758580798685,0.8938707531517187,0.7241823220854687,0.8090265376185937,0.4364682599660558,0
424,smoothgrad,fault_heavy,2,2,50.0,5.0,22.0,48.400000000000006,1.5999999999999943,0.07136126955638603,0.8521437889662118,0.29570152845749287,0.7042984715425074,0.9513027597268264,0.9615436460039289,0.9525312778561396,0.38522619490978577,0.6688787363829627,0.5188177180396009,1
431,smoothgrad,fault_heavy,2,2,50.0,5.6,51.400000000000006,7.0,43.0,0.011795938519751562,0.013568559012200934,0.8422897700937936,0.1577102299062065,0.978207128488928,0.9654690975151938,0.6779145515665201,0.8400356234095723,0.7589750874880462,0.4339506336000707,0
445,smoothgrad,fault_heavy,2,2,50.0,5.2,53.0,51.800000000000004,1.8000000000000043,0.8869204367171579,0.8352702114112717,0.7099993032825127,0.2900006967174874,0.959523871121523,0.9657449735604898,0.24619659256565674,0.4661630450274912,0.35617981879657395,0.24824372734123434,1
455,smoothgrad,fault_heavy,2,2,50.0,5.2,48.6,47.2,2.799999999999997,0.869358235398806,0.7557837414557257,0.6126196085265194,0.3873803914734806,0.9431363814438517,0.9650204310841756,0.4139891335653475,0.43552385278879785,0.42475649317707265,0.3396590138304118,1
456,smoothgrad,fault_heavy,2,2,50.0,5.2,11.0,49.6,0.3999999999999986,0.021067999523041423,0.9607894391523234,0.47872057008046087,0.5212794299195391,0.9647090772119042,0.9661483384239923,0.9231318132972522,0.7531895082808147,0.8381606607890335,0.3605898068955849,0
494,smoothgrad,fault_heavy,2,2,50.0,5.2,1.0,48.0,2.0,0.009095277101695816,0.8187307530779818,0.6771664304774764,0.32283356952252346,0.9678475410955966,0.9668192959852532,0.8806745978503435,0.8216853065082604,0.851179952179302,0.2756454619890218,0
515,smoothgrad,fault_heavy,2,2,50.0,5.2,10.600000000000001,50.6,0.6000000000000014,0.01831563888873418,0.9417645335842486,0.6066858755961793,0.3933141244038208,0.9130972712129379,0.9553474516243105,0.8884906548003045,0.7653079279247635,0.826899291362534,0.2816212384077976,0
522,smoothgrad,fault_heavy,2,2,50.0,5.2,48.800000000000004,48.800000000000004,1.1999999999999957,1.0,0.8869204367171579,0.38363137963363414,0.616368620366366,0.949077088069478,0.9621537753338156,0.2888354820262693,0.1778905164710823,0.23336299924867582,0.4486056013385246,2
527,smoothgrad,fault_heavy,2,2,50.0,5.2,49.6,3.8000000000000003,46.2,0.010254896296404022,0.009852796061187257,0.8638328143538976,0.13616718564610258,0.9787866924301745,0.9586681298738107,0.37019390131282515,0.8124242444729756,0.5913090728929004,0.4208271917436726,0
530,smoothgrad,fault_heavy,2,2,50.0,5.0,47.2,47.2,2.799999999999997,1.0,0.7557837414557257,0.7037128858775648,0.2962871141224353,0.9744319285347233,0.9591653050368922,0.7960166163761357,0.777929407934086,0.7869730121551108,0.2789301622630483,0
533,smoothgrad,fault_heavy,2,2,50.0,5.2,50.2,3.0,47.0,0.008915178548439545,0.009095277101695816,0.6339700837668578,0.3660299162331423,0.9585261148404138,0.956832604904805,0.8770334320296971,0.4163831304378836,0.6467082812337903,0.5743215184548629,1
534,smoothgrad,fault_heavy,2,2,50.0,4.6,11.4,50.800000000000004,0.8000000000000043,0.019448214745385384,0.9231163463866354,0.7131267436583761,0.286873256341624,0.9583871412221394,0.9597092393566111,0.4973279167815375,0.7712644655681012,0.6342961911748194,0.2168767220988708,0
